"";"Instance";"Benchmark";"Old";"New";"Update"
"1";"N-t2d100.25";"RandA2";23742;23742;TRUE
"2";"N-t2d100.08";"RandA2";23784;23784;TRUE
"3";"N-t2d100.15";"RandA2";24232;24232;TRUE
"4";"N-t2d100.21";"RandA2";24452;24452;TRUE
"5";"N-t2d100.24";"RandA2";24800;24800;TRUE
"6";"N-t2d100.11";"RandA2";25106;25106;TRUE
"7";"N-t2d100.05";"RandA2";25118;25118;TRUE
"8";"N-t2d100.20";"RandA2";25220;25220;TRUE
"9";"N-t2d100.01";"RandA2";25362;25362;TRUE
"10";"N-t2d100.06";"RandA2";25380;25380;TRUE
"11";"N-t2d100.23";"RandA2";25588;25588;TRUE
"12";"N-t2d100.14";"RandA2";25878;25878;TRUE
"13";"N-t2d100.03";"RandA2";25886;25886;TRUE
"14";"N-t2d100.04";"RandA2";26076;26076;TRUE
"15";"N-t2d100.10";"RandA2";26690;26690;TRUE
"16";"N-t2d100.17";"RandA2";26704;26704;TRUE
"17";"N-t2d100.12";"RandA2";26782;26782;TRUE
"18";"N-t2d100.18";"RandA2";26928;26928;TRUE
"19";"N-t2d100.07";"RandA2";27144;27144;TRUE
"20";"N-t2d100.22";"RandA2";27230;27230;TRUE
"21";"N-p40-05";"RandB";27450;27450;TRUE
"22";"N-p40-02";"RandB";27482;27482;TRUE
"23";"N-t2d100.09";"RandA2";27752;27752;TRUE
"24";"N-t2d100.13";"RandA2";27878;27878;TRUE
"25";"N-p40-03";"RandB";28061;28061;TRUE
"26";"N-t2d100.16";"RandA2";28206;28206;TRUE
"27";"N-p40-08";"RandB";28267;28267;TRUE
"28";"N-t2d100.02";"RandA2";28326;28326;TRUE
"29";"N-p40-07";"RandB";28379;28379;TRUE
"30";"N-p40-04";"RandB";28740;28740;TRUE
"31";"N-t2d100.19";"RandA2";28760;28760;TRUE
"32";"N-p40-06";"RandB";29164;29164;TRUE
"33";"N-p40-01";"RandB";29457;29457;TRUE
"34";"N-p40-09";"RandB";30578;30578;TRUE
"35";"N-p40-11";"RandB";30658;30658;TRUE
"36";"N-p40-12";"RandB";30986;30986;TRUE
"37";"N-p40-10";"RandB";31737;31737;TRUE
"38";"N-p44-07";"RandB";33171;33171;TRUE
"39";"N-p44-09";"RandB";33403;33403;TRUE
"40";"N-p44-04";"RandB";33551;33551;TRUE
"41";"N-p44-10";"RandB";33778;33778;TRUE
"42";"N-p44-15";"RandB";33827;33827;TRUE
"43";"N-p44-12";"RandB";33850;33850;TRUE
"44";"N-p40-13";"RandB";33903;33903;TRUE
"45";"N-p44-06";"RandB";33962;33962;TRUE
"46";"N-p44-11";"RandB";34016;34016;TRUE
"47";"N-p40-14";"RandB";34078;34078;TRUE
"48";"N-p44-08";"RandB";34127;34127;TRUE
"49";"N-p44-03";"RandB";34335;34335;TRUE
"50";"N-p40-15";"RandB";34659;34659;TRUE
"51";"N-p44-05";"RandB";34827;34827;TRUE
"52";"N-p44-02";"RandB";35314;35314;TRUE
"53";"N-p44-13";"RandB";35385;35385;TRUE
"54";"N-p44-17";"RandB";35454;35454;TRUE
"55";"N-p44-14";"RandB";35801;35801;TRUE
"56";"N-p44-01";"RandB";35948;35948;TRUE
"57";"N-p40-16";"RandB";36044;36044;TRUE
"58";"N-p44-16";"RandB";36188;36188;TRUE
"59";"N-p44-19";"RandB";36436;36436;TRUE
"60";"N-p44-23";"RandB";36605;36605;TRUE
"61";"N-p44-18";"RandB";36669;36669;TRUE
"62";"N-p44-22";"RandB";36722;36722;TRUE
"63";"N-p44-20";"RandB";37438;37438;TRUE
"64";"N-p40-18";"RandB";37562;37562;TRUE
"65";"N-p44-21";"RandB";37786;37786;TRUE
"66";"N-p44-25";"RandB";38129;38129;TRUE
"67";"N-p40-17";"RandB";38201;38201;TRUE
"68";"N-p44-24";"RandB";38286;38286;TRUE
"69";"N-p40-19";"RandB";38956;38956;TRUE
"70";"N-p44-26";"RandB";39107;39107;TRUE
"71";"N-p44-27";"RandB";39170;39170;TRUE
"72";"N-p40-20";"RandB";39658;39658;TRUE
"73";"N-p44-28";"RandB";40264;40264;TRUE
"74";"N-p44-30";"RandB";40387;40387;TRUE
"75";"N-p44-29";"RandB";41819;41819;TRUE
"76";"N-p50-06";"RandB";42325;42325;TRUE
"77";"N-p44-33";"RandB";42355;42355;TRUE
"78";"N-p44-32";"RandB";42545;42545;TRUE
"79";"N-p50-07";"RandB";42640;42640;TRUE
"80";"N-p50-08";"RandB";42666;42666;TRUE
"81";"N-p50-12";"RandB";42809;42809;TRUE
"82";"N-p50-05";"RandB";42907;42907;TRUE
"83";"N-p50-13";"RandB";43169;43169;TRUE
"84";"N-p50-11";"RandB";43527;43527;TRUE
"85";"N-p50-10";"RandB";43575;43575;TRUE
"86";"N-p50-09";"RandB";43711;43711;TRUE
"87";"N-p44-31";"RandB";43817;43817;TRUE
"88";"N-p50-02";"RandB";43835;43835;TRUE
"89";"N-p50-04";"RandB";43928;43928;TRUE
"90";"N-p44-35";"RandB";44114;44114;TRUE
"91";"N-p50-03";"RandB";44256;44256;TRUE
"92";"N-p50-14";"RandB";44519;44519;TRUE
"93";"N-p50-01";"RandB";44667;44667;TRUE
"94";"N-p50-15";"RandB";44866;44866;TRUE
"95";"N-p44-34";"RandB";44988;44988;TRUE
"96";"N-p44-37";"RandB";45297;45297;TRUE
"97";"N-p50-16";"RandB";45310;45310;TRUE
"98";"N-p44-36";"RandB";45575;45575;TRUE
"99";"N-p50-17";"RandB";46011;46011;TRUE
"100";"N-p50-20";"RandB";46779;46779;TRUE
"101";"N-p50-18";"RandB";46897;46897;TRUE
"102";"N-p50-19";"RandB";47212;47212;TRUE
"103";"N-p44-38";"RandB";47414;47414;TRUE
"104";"N-p44-40";"RandB";47774;47774;TRUE
"105";"N-p44-41";"RandB";48137;48137;TRUE
"106";"N-p44-39";"RandB";48979;48979;TRUE
"107";"N-p44-42";"RandB";49511;49511;TRUE
"108";"N-p44-43";"RandB";51014;51014;TRUE
"109";"N-p44-44";"RandB";51949;51949;TRUE
"110";"N-p44-46";"RandB";52776;52776;TRUE
"111";"N-p44-45";"RandB";52857;52857;TRUE
"112";"N-p44-47";"RandB";54122;54122;TRUE
"113";"N-p44-48";"RandB";54355;54355;TRUE
"114";"N-p44-50";"RandB";56444;56444;TRUE
"115";"N-p44-49";"RandB";57279;57279;TRUE
"116";"N-t2d150.20";"RandA2";67370;67370;TRUE
"117";"N-t2d150.08";"RandA2";67463;67463;TRUE
"118";"N-t2d150.14";"RandA2";68132;68132;TRUE
"119";"N-t2d150.10";"RandA2";69029;69029;TRUE
"120";"N-t2d150.22";"RandA2";69287;69287;TRUE
"121";"N-t2d150.03";"RandA2";69705;69705;TRUE
"122";"N-t2d150.24";"RandA2";70063;70063;TRUE
"123";"N-t2d150.17";"RandA2";70185;70185;TRUE
"124";"N-t2d150.21";"RandA2";70297;70297;TRUE
"125";"N-t2d150.09";"RandA2";70739;70739;TRUE
"126";"N-t2d150.16";"RandA2";72018;72018;TRUE
"127";"N-t2d150.12";"RandA2";72181;72181;TRUE
"128";"N-t2d150.11";"RandA2";72800;72800;TRUE
"129";"N-t2d150.18";"RandA2";73191;73191;TRUE
"130";"N-t2d150.02";"RandA2";73624;73624;TRUE
"131";"N-t2d150.25";"RandA2";73853;73853;TRUE
"132";"N-t2d150.07";"RandA2";73858;73858;TRUE
"133";"N-t2d150.04";"RandA2";73963;73963;TRUE
"134";"N-t2d150.13";"RandA2";74580;74580;TRUE
"135";"N-t2d150.23";"RandA2";74799;74799;TRUE
"136";"N-t2d150.06";"RandA2";75440;75440;TRUE
"137";"N-t2d150.19";"RandA2";75958;75958;TRUE
"138";"N-t2d150.01";"RandA2";76041;76041;TRUE
"139";"N-t2d150.15";"RandA2";76831;76831;TRUE
"140";"N-t2d150.05";"RandA2";79723;79723;TRUE
"141";"N-t1d100.14";"RandA1";105583;105583;TRUE
"142";"N-t1d100.17";"RandA1";105612;105612;TRUE
"143";"N-t1d100.02";"RandA1";105947;105947;TRUE
"144";"N-t1d100.23";"RandA1";106146;106146;TRUE
"145";"N-t1d100.01";"RandA1";106852;106852;TRUE
"146";"N-t1d100.25";"RandA1";106933;106933;TRUE
"147";"N-t1d100.21";"RandA1";107255;107255;TRUE
"148";"N-t1d100.16";"RandA1";107426;107426;TRUE
"149";"N-t1d100.08";"RandA1";107480;107480;TRUE
"150";"N-t1d100.18";"RandA1";107861;107861;TRUE
"151";"N-t1d100.11";"RandA1";107920;107879;FALSE
"152";"N-t1d100.19";"RandA1";108026;108026;TRUE
"153";"N-t1d100.06";"RandA1";108201;108201;TRUE
"154";"N-t1d100.22";"RandA1";108250;108250;TRUE
"155";"N-t1d100.12";"RandA1";108389;108389;TRUE
"156";"N-t1d100.09";"RandA1";108549;108549;TRUE
"157";"N-t1d100.15";"RandA1";108667;108667;TRUE
"158";"N-t1d100.13";"RandA1";108702;108702;TRUE
"159";"N-t1d100.10";"RandA1";108771;108755;FALSE
"160";"N-t1d100.24";"RandA1";108782;108782;TRUE
"161";"N-t1d100.07";"RandA1";108803;108803;TRUE
"162";"N-t1d100.05";"RandA1";108859;108847;FALSE
"163";"N-t1d100.04";"RandA1";109252;109252;TRUE
"164";"N-t1d100.03";"RandA1";109819;109819;TRUE
"165";"N-t1d100.20";"RandA1";109968;109968;TRUE
"166";"N-t2d200.17";"RandA2";131874;131874;TRUE
"167";"N-t2d200.19";"RandA2";137314;137314;TRUE
"168";"N-t2d200.13";"RandA2";137618;137618;TRUE
"169";"N-t2d200.15";"RandA2";140442;140442;TRUE
"170";"N-t2d200.06";"RandA2";141254;141254;TRUE
"171";"N-t2d200.03";"RandA2";141378;141378;TRUE
"172";"N-t2d200.09";"RandA2";141958;141958;TRUE
"173";"N-t2d200.21";"RandA2";143568;143568;TRUE
"174";"N-t2d200.02";"RandA2";144218;144218;TRUE
"175";"N-t2d200.14";"RandA2";144384;144384;TRUE
"176";"N-t2d200.23";"RandA2";145034;145034;TRUE
"177";"N-t2d200.20";"RandA2";146508;146508;TRUE
"178";"N-t2d200.22";"RandA2";146920;146920;TRUE
"179";"N-t2d200.16";"RandA2";147448;147448;TRUE
"180";"N-t2d200.11";"RandA2";147542;147540;FALSE
"181";"N-t2d200.01";"RandA2";147742;147740;FALSE
"182";"N-t2d200.25";"RandA2";149128;149128;TRUE
"183";"N-t2d200.10";"RandA2";149630;149628;FALSE
"184";"N-t2d200.07";"RandA2";149752;149752;TRUE
"185";"N-t2d200.08";"RandA2";149910;149910;TRUE
"186";"N-t2d200.05";"RandA2";150236;150236;TRUE
"187";"N-t2d200.04";"RandA2";150878;150870;FALSE
"188";"N-t2d200.18";"RandA2";151196;151196;TRUE
"189";"N-t2d200.24";"RandA2";151260;151260;TRUE
"190";"N-t2d200.12";"RandA2";152470;152470;TRUE
"191";"N-t1d150.15";"RandA1";232065;232026;FALSE
"192";"N-t1d150.16";"RandA1";232948;232948;TRUE
"193";"N-t1d150.23";"RandA1";233492;233492;TRUE
"194";"N-t1d150.21";"RandA1";233980;233956;FALSE
"195";"N-t1d150.11";"RandA1";234157;234157;TRUE
"196";"N-t1d150.18";"RandA1";234348;234305;FALSE
"197";"N-t1d150.02";"RandA1";234421;234421;TRUE
"198";"N-t1d150.14";"RandA1";234453;234452;FALSE
"199";"N-t1d150.06";"RandA1";234465;234465;TRUE
"200";"N-t1d150.04";"RandA1";234506;234510;TRUE
"201";"N-t1d150.05";"RandA1";234601;234570;FALSE
"202";"N-t1d150.10";"RandA1";234821;234821;TRUE
"203";"N-t1d150.19";"RandA1";234994;234994;TRUE
"204";"N-t1d150.01";"RandA1";235056;234928;FALSE
"205";"N-t1d150.07";"RandA1";235283;235259;FALSE
"206";"N-t1d150.20";"RandA1";235411;235411;TRUE
"207";"N-t1d150.22";"RandA1";235415;235415;TRUE
"208";"N-t1d150.24";"RandA1";236016;236016;TRUE
"209";"N-t1d150.12";"RandA1";236318;236318;TRUE
"210";"N-t1d150.03";"RandA1";236319;236319;TRUE
"211";"N-t1d150.25";"RandA1";236428;236428;TRUE
"212";"N-t1d150.17";"RandA1";236656;236656;TRUE
"213";"N-t1d150.13";"RandA1";237116;237116;TRUE
"214";"N-t1d150.08";"RandA1";237230;237215;FALSE
"215";"N-t1d150.09";"RandA1";237253;237245;FALSE
"216";"N-t65l11xx_150";"xLOLIB";253206;253283;TRUE
"217";"N-t59n11xx_150";"xLOLIB";318453;318934;TRUE
"218";"N-t1d200.25";"RandA1";406356;406476;TRUE
"219";"N-t1d200.20";"RandA1";406418;406382;FALSE
"220";"N-t1d200.06";"RandA1";406451;406451;TRUE
"221";"N-t1d200.10";"RandA1";406453;406354;FALSE
"222";"N-t1d200.22";"RandA1";407333;407339;TRUE
"223";"N-t1d200.03";"RandA1";407420;407223;FALSE
"224";"N-t1d200.18";"RandA1";407709;407728;TRUE
"225";"N-t1d200.02";"RandA1";407729;407724;FALSE
"226";"N-t1d200.21";"RandA1";408037;408030;FALSE
"227";"N-t1d200.16";"RandA1";408059;407995;FALSE
"228";"N-t1d200.23";"RandA1";408552;408491;FALSE
"229";"N-t1d200.08";"RandA1";408850;408831;FALSE
"230";"N-t1d200.14";"RandA1";408879;408652;FALSE
"231";"N-t1d200.15";"RandA1";409061;409061;TRUE
"232";"N-t1d200.13";"RandA1";409234;409270;TRUE
"233";"N-t1d200.09";"RandA1";409308;409308;TRUE
"234";"N-t1d200.04";"RandA1";410101;410045;FALSE
"235";"N-t1d200.11";"RandA1";410239;410159;FALSE
"236";"N-t1d200.17";"RandA1";410280;410280;TRUE
"237";"N-t1d200.24";"RandA1";410583;410582;FALSE
"238";"N-t1d200.01";"RandA1";410871;410992;TRUE
"239";"N-t1d200.05";"RandA1";411522;411356;FALSE
"240";"N-t1d200.07";"RandA1";412482;412478;FALSE
"241";"N-t1d200.12";"RandA1";412831;412818;FALSE
"242";"N-t1d200.19";"RandA1";412947;412825;FALSE
"243";"N-t70l11xx_150";"xLOLIB";436862;436882;TRUE
"244";"N-t65n11xx_150";"xLOLIB";550079;550569;TRUE
"245";"N-t65l11xx_250";"xLOLIB";665843;666851;TRUE
"246";"N-t59n11xx_250";"xLOLIB";822422;824554;TRUE
"247";"N-t65l11xx_300";"xLOLIB2";825802;827462;TRUE
"248";"N-tiw56n54_150";"xLOLIB";835995;837155;TRUE
"249";"N-t70n11xx_150";"xLOLIB";948326;948896;TRUE
"250";"N-tiw56r54_150";"xLOLIB";956715;957718;TRUE
"251";"N-t59n11xx_300";"xLOLIB2";1003067;1004916;TRUE
"252";"N-t70l11xx_250";"xLOLIB";1108964;1111703;TRUE
"253";"N-tiw56n58_150";"xLOLIB";1152698;1155333;TRUE
"254";"N-tiw56r58_150";"xLOLIB";1217611;1219043;TRUE
"255";"N-t70l11xx_300";"xLOLIB2";1425644;1428713;TRUE
"256";"N-t65n11xx_250";"xLOLIB";1426219;1429072;TRUE
"257";"N-t59d11xx_150";"xLOLIB";1461623;1462418;TRUE
"258";"N-t75k11xx_150";"xLOLIB";1539206;1541594;TRUE
"259";"N-t59f11xx_150";"xLOLIB";1539948;1543733;TRUE
"260";"N-tiw56n62_150";"xLOLIB";1625001;1626254;TRUE
"261";"N-t75n11xx_150";"xLOLIB";1740380;1740685;TRUE
"262";"N-t65n11xx_300";"xLOLIB2";1784970;1786446;TRUE
"263";"N-tiw56r66_150";"xLOLIB";1935339;1940755;TRUE
"264";"N-tiw56r67_150";"xLOLIB";2054112;2056123;TRUE
"265";"N-tiw56n54_250";"xLOLIB";2092186;2096274;TRUE
"266";"N-tiw56n66_150";"xLOLIB";2103450;2107619;TRUE
"267";"N-be75oi_150";"xLOLIB";2243536;2246816;TRUE
"268";"N-t65l11xx_500";"xLOLIB2";2323330;2328136;TRUE
"269";"N-tiw56n67_150";"xLOLIB";2368279;2372805;TRUE
"270";"N-tiw56r54_250";"xLOLIB";2382752;2385963;TRUE
"271";"N-t1d500.5";"RandA1";2391486;2390571;FALSE
"272";"N-t1d500.6";"RandA1";2399394;2399327;FALSE
"273";"N-t1d500.7";"RandA1";2400739;2399317;FALSE
"274";"N-t1d500.17";"RandA1";2401800;2401187;FALSE
"275";"N-t1d500.1";"RandA1";2402357;2402576;TRUE
"276";"N-t1d500.12";"RandA1";2402581;2401779;FALSE
"277";"N-t1d500.24";"RandA1";2402712;2402740;TRUE
"278";"N-t1d500.19";"RandA1";2404029;2402721;FALSE
"279";"N-t1d500.10";"RandA1";2404420;2404744;TRUE
"280";"N-t1d500.3";"RandA1";2404784;2403524;FALSE
"281";"N-t1d500.13";"RandA1";2405118;2403869;FALSE
"282";"N-t1d500.21";"RandA1";2405615;2404965;FALSE
"283";"N-t1d500.25";"RandA1";2405718;2405018;FALSE
"284";"N-t1d500.9";"RandA1";2406223;2405540;FALSE
"285";"N-t1d500.22";"RandA1";2408164;2407613;FALSE
"286";"N-t1d500.23";"RandA1";2408689;2407226;FALSE
"287";"N-t1d500.14";"RandA1";2410693;2410018;FALSE
"288";"N-t1d500.2";"RandA1";2411570;2411345;FALSE
"289";"N-t1d500.15";"RandA1";2411718;2411961;TRUE
"290";"N-t1d500.8";"RandA1";2413108;2413914;TRUE
"291";"N-t1d500.4";"RandA1";2413600;2414133;TRUE
"292";"N-t1d500.20";"RandA1";2414713;2413524;FALSE
"293";"N-t1d500.16";"RandA1";2416067;2416026;FALSE
"294";"N-t1d500.11";"RandA1";2416286;2415885;FALSE
"295";"N-t1d500.18";"RandA1";2421159;2421049;FALSE
"296";"N-t70n11xx_250";"xLOLIB";2438817;2443448;TRUE
"297";"N-t59n11xx_500";"xLOLIB2";2603433;2610904;TRUE
"298";"N-tiw56n54_300";"xLOLIB2";2648973;2654641;TRUE
"299";"N-tiw56r72_150";"xLOLIB";2821100;2823771;TRUE
"300";"N-stabu1_150";"xLOLIB";2870590;2873330;TRUE
"301";"N-tiw56n58_250";"xLOLIB";2896743;2901784;TRUE
"302";"N-tiw56r54_300";"xLOLIB2";2982030;2989753;TRUE
"303";"N-t70n11xx_300";"xLOLIB2";3050242;3053791;TRUE
"304";"N-tiw56r58_250";"xLOLIB";3052235;3060680;TRUE
"305";"N-t65f11xx_150";"xLOLIB";3152817;3156457;TRUE
"306";"N-t59b11xx_150";"xLOLIB";3238100;3239480;TRUE
"307";"N-be75eec_150";"xLOLIB";3479547;3482740;TRUE
"308";"N-t65d11xx_150";"xLOLIB";3556730;3558388;TRUE
"309";"N-tiw56n58_300";"xLOLIB2";3595499;3603597;TRUE
"310";"N-tiw56r58_300";"xLOLIB2";3748629;3757785;TRUE
"311";"N-t70l11xx_500";"xLOLIB2";3786386;3800456;TRUE
"312";"N-t59d11xx_250";"xLOLIB";3831921;3839167;TRUE
"313";"N-t59f11xx_250";"xLOLIB";3978521;3986281;TRUE
"314";"N-t75k11xx_250";"xLOLIB";4080733;4093582;TRUE
"315";"N-tiw56n62_250";"xLOLIB";4129750;4141193;TRUE
"316";"N-tiw56n72_150";"xLOLIB";4132640;4135952;TRUE
"317";"N-stabu2_150";"xLOLIB";4326193;4327870;TRUE
"318";"N-stabu3_150";"xLOLIB";4507290;4510445;TRUE
"319";"N-t75n11xx_250";"xLOLIB";4515161;4518265;TRUE
"320";"N-t65n11xx_500";"xLOLIB2";4641862;4651136;TRUE
"321";"N-t65l11xx_750";"xLOLIB2";4914776;4917873;TRUE
"322";"N-tiw56r66_250";"xLOLIB";4931979;4944620;TRUE
"323";"N-t59d11xx_300";"xLOLIB2";5014713;5025078;TRUE
"324";"N-t59f11xx_300";"xLOLIB2";5048740;5058708;TRUE
"325";"N-tiw56n62_300";"xLOLIB2";5133360;5148045;TRUE
"326";"N-t70f11xx_150";"xLOLIB";5138418;5145527;TRUE
"327";"N-tiw56r67_250";"xLOLIB";5278228;5284335;TRUE
"328";"N-t75k11xx_300";"xLOLIB2";5320855;5329666;TRUE
"329";"N-tiw56n66_250";"xLOLIB";5351638;5366303;TRUE
"330";"N-t59n11xx_750";"xLOLIB2";5659403;5667969;TRUE
"331";"N-t75n11xx_300";"xLOLIB2";5757661;5767516;TRUE
"332";"N-t70d11xn_150";"xLOLIB";5816430;5820630;TRUE
"333";"N-be75oi_250";"xLOLIB";5902311;5911016;TRUE
"334";"N-t70d11xx_150";"xLOLIB";6151361;6174178;TRUE
"335";"N-tiw56r66_300";"xLOLIB2";6168874;6179233;TRUE
"336";"N-tiw56n67_250";"xLOLIB";6304037;6318149;TRUE
"337";"N-t65b11xx_150";"xLOLIB";6433186;6455861;TRUE
"338";"N-tiw56n66_300";"xLOLIB2";6662623;6673467;TRUE
"339";"N-tiw56r67_300";"xLOLIB2";6839918;6852120;TRUE
"340";"N-tiw56n54_500";"xLOLIB2";6955855;6973683;TRUE
"341";"N-be75np_150";"xLOLIB";7162017;7182409;TRUE
"342";"N-tiw56r72_250";"xLOLIB";7439243;7454042;TRUE
"343";"N-tiw56n67_300";"xLOLIB2";7668741;7684860;TRUE
"344";"N-stabu1_250";"xLOLIB";7729985;7728901;FALSE
"345";"N-t70l11xx_750";"xLOLIB2";7860414;7870995;TRUE
"346";"N-tiw56r54_500";"xLOLIB2";7871350;7880480;TRUE
"347";"N-t70n11xx_500";"xLOLIB2";7925313;7949514;TRUE
"348";"N-t59b11xx_250";"xLOLIB";8384455;8398070;TRUE
"349";"N-t65f11xx_250";"xLOLIB";8391707;8409733;TRUE
"350";"N-t65l11xx_1000";"xLOLIB2";8668534;8654986;FALSE
"351";"N-be75eec_250";"xLOLIB";8863792;8900531;TRUE
"352";"N-tiw56r72_300";"xLOLIB2";8962972;8974248;TRUE
"353";"N-t65d11xx_250";"xLOLIB";9320283;9346304;TRUE
"354";"N-t74d11xx_150";"xLOLIB";9365784;9391042;TRUE
"355";"N-be75oi_300";"xLOLIB2";9383297;9389582;TRUE
"356";"N-tiw56n58_500";"xLOLIB2";9493160;9513598;TRUE
"357";"N-t59n11xx_1000";"xLOLIB2";9560171;9569747;TRUE
"358";"N-t75d11xx_150";"xLOLIB";9621376;9639371;TRUE
"359";"N-t70b11xx_150";"xLOLIB";9628132;9642436;TRUE
"360";"N-tiw56r58_500";"xLOLIB2";9937136;9956130;TRUE
"361";"N-stabu70_300";"xLOLIB2";9951169;9965311;TRUE
"362";"N-t65n11xx_750";"xLOLIB2";10024724;10042759;TRUE
"363";"N-t59b11xx_300";"xLOLIB2";10373255;10400625;TRUE
"364";"N-t65f11xx_300";"xLOLIB2";11133409;11166902;TRUE
"365";"N-tiw56n72_250";"xLOLIB";11138394;11148631;TRUE
"366";"N-stabu2_250";"xLOLIB";11468284;11501824;TRUE
"367";"N-t69r11xx_150";"xLOLIB";11843437;11858249;TRUE
"368";"N-t65d11xx_300";"xLOLIB2";11848953;11856113;TRUE
"369";"N-stabu3_250";"xLOLIB";11869084;11901168;TRUE
"370";"N-be75tot_150";"xLOLIB";12270431;12288727;TRUE
"371";"N-be75eec_300";"xLOLIB2";12385738;12401915;TRUE
"372";"N-tiw56n72_300";"xLOLIB2";13158791;13180215;TRUE
"373";"N-t59d11xx_500";"xLOLIB2";13218825;13246941;TRUE
"374";"N-t59f11xx_500";"xLOLIB2";13410397;13437621;TRUE
"375";"N-t70f11xx_250";"xLOLIB";13541532;13565303;TRUE
"376";"N-tiw56n62_500";"xLOLIB2";13541795;13560366;TRUE
"377";"N-t70l11xx_1000";"xLOLIB2";14114518;14118116;TRUE
"378";"N-t75k11xx_500";"xLOLIB2";14132331;14159503;TRUE
"379";"N-t75n11xx_500";"xLOLIB2";14881007;14882254;TRUE
"380";"N-stabu74_300";"xLOLIB2";14986873;15001975;TRUE
"381";"N-tiw56n54_750";"xLOLIB2";15103351;15123184;TRUE
"382";"N-t70d11xn_250";"xLOLIB";15166124;15192999;TRUE
"383";"N-stabu75_300";"xLOLIB2";15512097;15561023;TRUE
"384";"N-t70d11xx_250";"xLOLIB";15988331;16027224;TRUE
"385";"N-tiw56r66_500";"xLOLIB2";16230924;16283320;TRUE
"386";"N-t70n11xx_750";"xLOLIB2";16928706;16959052;TRUE
"387";"N-t65n11xx_1000";"xLOLIB2";17037778;17044635;TRUE
"388";"N-tiw56r54_750";"xLOLIB2";17064937;17095151;TRUE
"389";"N-t65b11xx_250";"xLOLIB";17238947;17256477;TRUE
"390";"N-tiw56n66_500";"xLOLIB2";17594454;17629994;TRUE
"391";"N-be75np_250";"xLOLIB";17787439;17794274;TRUE
"392";"N-t70f11xx_300";"xLOLIB2";17916848;17929075;TRUE
"393";"N-tiw56r67_500";"xLOLIB2";17946008;17971377;TRUE
"394";"N-t70d11xxb_300";"xLOLIB2";19569972;19601842;TRUE
"395";"N-tiw56n67_500";"xLOLIB2";20543663;20583929;TRUE
"396";"N-tiw56n58_750";"xLOLIB2";20607046;20633749;TRUE
"397";"N-t70d11xx_300";"xLOLIB2";20763559;20793711;TRUE
"398";"N-tiw56r58_750";"xLOLIB2";21587173;21591768;TRUE
"399";"N-t65b11xx_300";"xLOLIB2";22108711;22149491;TRUE
"400";"N-tiw56r72_500";"xLOLIB2";23601087;23635996;TRUE
"401";"N-t74d11xx_250";"xLOLIB";24359820;24426402;TRUE
"402";"N-t75d11xx_250";"xLOLIB";24987677;25044635;TRUE
"403";"N-be75oi_500";"xLOLIB2";25308410;25344958;TRUE
"404";"N-t70b11xx_250";"xLOLIB";25356014;25386762;TRUE
"405";"N-tiw56n54_1000";"xLOLIB2";25803182;25823018;TRUE
"406";"N-be75np_300";"xLOLIB2";26007413;26058695;TRUE
"407";"N-stabu70_500";"xLOLIB2";27183844;27206945;TRUE
"408";"N-t59b11xx_500";"xLOLIB2";27607755;27630465;TRUE
"409";"N-usa79_300";"xLOLIB2";28488794;28509942;TRUE
"410";"N-t70n11xx_1000";"xLOLIB2";28844797;28863606;TRUE
"411";"N-t59f11xx_750";"xLOLIB2";29004894;29041799;TRUE
"412";"N-tiw56r54_1000";"xLOLIB2";29109673;29147432;TRUE
"413";"N-t65f11xx_500";"xLOLIB2";29182518;29285209;TRUE
"414";"N-tiw56n62_750";"xLOLIB2";29373823;29427585;TRUE
"415";"N-t59d11xx_750";"xLOLIB2";29774710;29824157;TRUE
"416";"N-t75k11xx_750";"xLOLIB2";30394320;30431677;TRUE
"417";"N-be75tot_250";"xLOLIB";30877286;30967397;TRUE
"418";"N-t70b11xx_300";"xLOLIB2";31596459;31628508;TRUE
"419";"N-t74d11xx_300";"xLOLIB2";31630628;31692802;TRUE
"420";"N-t65d11xx_500";"xLOLIB2";31660954;31716674;TRUE
"421";"N-t69r11xx_250";"xLOLIB";31675692;31784901;TRUE
"422";"N-t75n11xx_750";"xLOLIB2";31779769;31793642;TRUE
"423";"N-t75d11xx_300";"xLOLIB2";32564588;32626939;TRUE
"424";"N-be75eec_500";"xLOLIB2";33262899;33335021;TRUE
"425";"N-tiw56n72_500";"xLOLIB2";35159012;35188140;TRUE
"426";"N-tiw56r66_750";"xLOLIB2";35226258;35321403;TRUE
"427";"N-tiw56n58_1000";"xLOLIB2";35237963;35281101;TRUE
"428";"N-tiw56r58_1000";"xLOLIB2";36863420;36886320;TRUE
"429";"N-tiw56n66_750";"xLOLIB2";38184259;38223009;TRUE
"430";"N-tiw56r67_750";"xLOLIB2";39548146;39570834;TRUE
"431";"N-t69r11xx_300";"xLOLIB2";40961551;41018198;TRUE
"432";"N-stabu74_500";"xLOLIB2";41077191;41098727;TRUE
"433";"N-t75e11xx_150";"xLOLIB";41567726;41571407;TRUE
"434";"N-stabu75_500";"xLOLIB2";42572791;42671550;TRUE
"435";"N-be75tot_300";"xLOLIB2";43618823;43728689;TRUE
"436";"N-tiw56n67_750";"xLOLIB2";44588521;44623467;TRUE
"437";"N-t70f11xx_500";"xLOLIB2";47787576;47857287;TRUE
"438";"N-t59f11xx_1000";"xLOLIB2";49128904;49213897;TRUE
"439";"N-tiw56n62_1000";"xLOLIB2";50405868;50477512;TRUE
"440";"N-t59d11xx_1000";"xLOLIB2";50793254;50832719;TRUE
"441";"N-tiw56r72_750";"xLOLIB2";51444070;51520889;TRUE
"442";"N-t75k11xx_1000";"xLOLIB2";51911864;52008325;TRUE
"443";"N-t70d11xxb_500";"xLOLIB2";51969843;52016871;TRUE
"444";"N-t75n11xx_1000";"xLOLIB2";53866281;53916364;TRUE
"445";"N-t70d11xx_500";"xLOLIB2";55267562;55349813;TRUE
"446";"N-be75oi_750";"xLOLIB2";57414337;57446206;TRUE
"447";"N-stabu70_750";"xLOLIB2";58184817;58260994;TRUE
"448";"N-t65b11xx_500";"xLOLIB2";59543360;59602600;TRUE
"449";"N-t59b11xx_750";"xLOLIB2";59659475;59760540;TRUE
"450";"N-tiw56r66_1000";"xLOLIB2";60491887;60577648;TRUE
"451";"N-t65f11xx_750";"xLOLIB2";63110506;63208271;TRUE
"452";"N-tiw56n66_1000";"xLOLIB2";65471282;65543988;TRUE
"453";"N-tiw56r67_1000";"xLOLIB2";66272465;66181952;FALSE
"454";"N-be75np_500";"xLOLIB2";66589279;66706038;TRUE
"455";"N-t65d11xx_750";"xLOLIB2";67584722;67649620;TRUE
"456";"N-be75eec_750";"xLOLIB2";71284363;71335951;TRUE
"457";"N-tiw56n67_1000";"xLOLIB2";75540593;75645448;TRUE
"458";"N-usa79_500";"xLOLIB2";75749179;75962230;TRUE
"459";"N-tiw56n72_750";"xLOLIB2";76855447;76855797;TRUE
"460";"N-t74d11xx_500";"xLOLIB2";84123399;84276952;TRUE
"461";"N-t70b11xx_500";"xLOLIB2";84147211;84271904;TRUE
"462";"N-t75d11xx_500";"xLOLIB2";86408092;86590015;TRUE
"463";"N-stabu74_750";"xLOLIB2";87421540;87467424;TRUE
"464";"N-tiw56r72_1000";"xLOLIB2";87505527;87558976;TRUE
"465";"N-stabu75_750";"xLOLIB2";90485067;90599301;TRUE
"466";"N-be75oi_1000";"xLOLIB2";95107894;95090319;FALSE
"467";"N-stabu70_1000";"xLOLIB2";100560326;100678451;TRUE
"468";"N-t59b11xx_1000";"xLOLIB2";101988220;101934680;FALSE
"469";"N-t70f11xx_750";"xLOLIB2";103229776;103368757;TRUE
"470";"N-t75e11xx_250";"xLOLIB";106474931;106699067;TRUE
"471";"N-t65f11xx_1000";"xLOLIB2";108094150;108197222;TRUE
"472";"N-t69r11xx_500";"xLOLIB2";108466897;108508410;TRUE
"473";"N-t70d11xxb_750";"xLOLIB2";111916889;112175736;TRUE
"474";"N-be75tot_500";"xLOLIB2";113658393;113737954;TRUE
"475";"N-t65d11xx_1000";"xLOLIB2";116684285;116725645;TRUE
"476";"N-t70d11xx_750";"xLOLIB2";118076843;118269267;TRUE
"477";"N-be75eec_1000";"xLOLIB2";122124207;122183020;TRUE
"478";"N-t65b11xx_750";"xLOLIB2";129195857;129443488;TRUE
"479";"N-tiw56n72_1000";"xLOLIB2";130000246;129994286;FALSE
"480";"N-be75np_750";"xLOLIB2";142235433;142203276;FALSE
"481";"N-t75e11xx_300";"xLOLIB2";144730605;145044286;TRUE
"482";"N-stabu74_1000";"xLOLIB2";150976048;151099343;TRUE
"483";"N-stabu75_1000";"xLOLIB2";156318885;156432889;TRUE
"484";"N-usa79_750";"xLOLIB2";157149876;157251449;TRUE
"485";"N-t70f11xx_1000";"xLOLIB2";177528793;177714930;TRUE
"486";"N-t74d11xx_750";"xLOLIB2";179771960;1,8e+08;TRUE
"487";"N-t70b11xx_750";"xLOLIB2";181455590;181536910;TRUE
"488";"N-t75d11xx_750";"xLOLIB2";184304745;184396164;TRUE
"489";"N-t70d11xxb_1000";"xLOLIB2";193668776;193829282;TRUE
"490";"N-t70d11xx_1000";"xLOLIB2";204326372;204397975;TRUE
"491";"N-t65b11xx_1000";"xLOLIB2";222188461;222403731;TRUE
"492";"N-t69r11xx_750";"xLOLIB2";235618981;235498648;FALSE
"493";"N-be75np_1000";"xLOLIB2";245908190;245965411;TRUE
"494";"N-be75tot_750";"xLOLIB2";246328275;246647833;TRUE
"495";"N-usa79_1000";"xLOLIB2";272318160;272140858;FALSE
"496";"N-t74d11xx_1000";"xLOLIB2";310640785;310738504;TRUE
"497";"N-t70b11xx_1000";"xLOLIB2";312342366;312618951;TRUE
"498";"N-t75d11xx_1000";"xLOLIB2";319087189;318986178;FALSE
"499";"N-t59i11xx_300";"xLOLIB2";359132177;359911866;TRUE
"500";"N-t75e11xx_500";"xLOLIB2";373596919;374756997;TRUE
"501";"N-t69r11xx_1000";"xLOLIB2";396695655;397093542;TRUE
"502";"N-be75tot_1000";"xLOLIB2";420725228;420848949;TRUE
"503";"N-t75e11xx_750";"xLOLIB2";816793618;818104894;TRUE
"504";"N-t65i11xx_300";"xLOLIB2";861239124;862881768;TRUE
"505";"N-t59i11xx_500";"xLOLIB2";934630960;936090712;TRUE
"506";"N-t70u11xx_300";"xLOLIB2";1050792100;1054204000;TRUE
"507";"N-t70i11xx_300";"xLOLIB2";1343829884;1347343462;TRUE
"508";"N-t75e11xx_1000";"xLOLIB2";1386597516;1388110876;TRUE
"509";"N-t59i11xx_750";"xLOLIB2";2060738662;2062282459;TRUE
"510";"N-t65i11xx_500";"xLOLIB2";2238394861;2244382489;TRUE
"511";"N-t70u11xx_500";"xLOLIB2";2747951700;2753258600;TRUE
"512";"N-t70k11xx_300";"xLOLIB2";2899900200;2905392900;TRUE
"513";"N-t75u11xx_300";"xLOLIB2";3073023657;3081481709;TRUE
"514";"N-t59i11xx_1000";"xLOLIB2";3469254820;3471997519;TRUE
"515";"N-t70i11xx_500";"xLOLIB2";3476193523;3486936667;TRUE
"516";"N-t75i11xx_300";"xLOLIB2";3768298896;3771954709;TRUE
"517";"N-t65i11xx_750";"xLOLIB2";4917998653;4929127538;TRUE
"518";"N-t70u11xx_750";"xLOLIB2";5926576600;5936431800;TRUE
"519";"N-t65w11xx_300";"xLOLIB2";7316424898;7339707255;TRUE
"520";"N-t70i11xx_750";"xLOLIB2";7599547246;7611464838;TRUE
"521";"N-t70k11xx_500";"xLOLIB2";7670165300;7688243300;TRUE
"522";"N-t75u11xx_500";"xLOLIB2";8040907994;8062758937;TRUE
"523";"N-t65i11xx_1000";"xLOLIB2";8390948152;8390749405;FALSE
"524";"N-t75i11xx_500";"xLOLIB2";9740202109;9733195049;FALSE
"525";"N-t70u11xx_1000";"xLOLIB2";10222249100;10228859000;TRUE
"526";"N-t70w11xx_300";"xLOLIB2";11883989581;11924272532;TRUE
"527";"N-t70i11xx_1000";"xLOLIB2";13009515291;13019571398;TRUE
"528";"N-t70x11xx_300";"xLOLIB2";14658263553;14699161134;TRUE
"529";"N-t70k11xx_750";"xLOLIB2";16632636300;16654285500;TRUE
"530";"N-t75u11xx_750";"xLOLIB2";17255707031;17292801492;TRUE
"531";"N-t65w11xx_500";"xLOLIB2";19323392355;19371907957;TRUE
"532";"N-t75i11xx_750";"xLOLIB2";21216039367;21233222778;TRUE
"533";"N-t70k11xx_1000";"xLOLIB2";28347737700;28351747000;TRUE
"534";"N-t75u11xx_1000";"xLOLIB2";29546408673;29557647434;TRUE
"535";"N-t70w11xx_500";"xLOLIB2";31385282306;31482656885;TRUE
"536";"N-t75i11xx_1000";"xLOLIB2";36310532286;36319330625;TRUE
"537";"N-t70x11xx_500";"xLOLIB2";38766475078;38846619405;TRUE
"538";"N-t65w11xx_750";"xLOLIB2";41694007169;41737976722;TRUE
"539";"N-t70w11xx_750";"xLOLIB2";67924679695;68013529104;TRUE
"540";"N-t65w11xx_1000";"xLOLIB2";71641194859;71696369800;TRUE
"541";"N-t70x11xx_750";"xLOLIB2";83754553171;83877382884;TRUE
"542";"N-t70w11xx_1000";"xLOLIB2";116868784888;117160728531;TRUE
"543";"N-t70x11xx_1000";"xLOLIB2";144204864594;144521167089;TRUE
